row_index,true_label,scattering,mmlu_subject,prompt,small_model,small_proxy_request_id,small_answer,small_correct,small_truncated,small_prompt_tokens,small_completion_tokens,small_reasoning_tokens,small_answer_tokens,small_total_tokens,small_duration_ms,small_provider_latency_ms,small_queued_ms,small_generation_ms,small_ttft_ms,large_model,large_proxy_request_id,large_answer,large_correct,large_truncated,large_prompt_tokens,large_completion_tokens,large_reasoning_tokens,large_answer_tokens,large_total_tokens,large_duration_ms,large_provider_latency_ms,large_queued_ms,large_generation_ms,large_ttft_ms
1,C,0.818,,"['Then, the man writes over the snow covering the window of a car, and a woman wearing winter clothes smiles. then\nA) , the man adds wax to the windshield and cuts it.\nB) , a person board a ski lift, while two men supporting the head of the person wearing winter clothes snow as the we girls sled.\nC) , the man puts on a christmas coat, knitted with netting.\nD) , the man continues removing the snow on his car.\nPrint only a single choice  from ""A"" or ""B"" or ""C"" or ""D"" without explanation.\nAnswer:\nD\n\nA female chef in white uniform shows a stack of baking pans in a large kitchen presenting them. the pans\nA) contain egg yolks and baking soda.\nB) are then sprinkled with brown sugar.\nC) are placed in a strainer on the counter.\nD) are filled with pastries and loaded into the oven.\nPrint only a single choice  from ""A"" or ""B"" or ""C"" or ""D"" without explanation.\nAnswer:\nD\n\nA female chef in white uniform shows a stack of baking pans in a large kitchen presenting them. The pans are filled with pastries and loaded into the oven. a knife\nA) is seen moving on a board and cutting out its contents.\nB) hits the peeled cheesecake, followed by sliced custard and still cooked ice cream.\nC) etches a shape into the inside of the baked pans.\nD) is used to cut cylinder shaped dough into rounds.\nPrint only a single choice  from ""A"" or ""B"" or ""C"" or ""D"" without explanation.\nAnswer:\nD\n\nA tray of potatoes is loaded into the oven and removed. A large tray of cake is flipped over and placed on counter. a large tray of meat\nA) is placed onto a baked potato.\nB) , ls, and pickles are placed in the oven.\nC) is poured into a midden.\nD) is prepared then it is removed from the oven by a helper when done.\nPrint only a single choice  from ""A"" or ""B"" or ""C"" or ""D"" without explanation.\nAnswer:\nD\n\nThe man in the center is demonstrating a hairstyle on the person wearing the blue shirt. the man in the blue shirt\nA) is standing on the sponge cutting the hair of the person wearing the blue shirt.\nB) is doing the hairstyle with his hand and the hairspray.\nC) sits on the chair next to the sink.\nD) is being shown eye to eye.\nPrint only a single choice  from ""A"" or ""B"" or ""C"" or ""D"" without explanation.\nAnswer:\nC\n\nPeople run in a marathon in the street. A man head the race and run alone in the street. suddenly\nA) , a dog with missing front paws walks chasing after the man.\nB) , it ends running in different directions.\nC) , the man crashes into the car and falls.\nD) , two runners run in the same race.\nPrint only a single choice  from ""A"" or ""B"" or ""C"" or ""D"" without explanation.\nAnswer:']",gpt-oss-120b-working,5b068704-3f3e-41d0-b998-9328f51558a5,D,false,,,201,200,1,201,2413,2223,1,1152,1072,minimax-m2.5-229b,fb6b84a3-c819-4a7b-85d0-76fb36f7b88d,C,true,,,590,588,2,590,6618,6547,1,5285,1262
2,B,0.818,,"['Then, the man writes over the snow covering the window of a car, and a woman wearing winter clothes smiles. then\nA) , the man adds wax to the windshield and cuts it.\nB) , a person board a ski lift, while two men supporting the head of the person wearing winter clothes snow as the we girls sled.\nC) , the man puts on a christmas coat, knitted with netting.\nD) , the man continues removing the snow on his car.\nPrint only a single choice  from ""A"" or ""B"" or ""C"" or ""D"" without explanation.\nAnswer:\nD\n\nA female chef in white uniform shows a stack of baking pans in a large kitchen presenting them. the pans\nA) contain egg yolks and baking soda.\nB) are then sprinkled with brown sugar.\nC) are placed in a strainer on the counter.\nD) are filled with pastries and loaded into the oven.\nPrint only a single choice  from ""A"" or ""B"" or ""C"" or ""D"" without explanation.\nAnswer:\nD\n\nA female chef in white uniform shows a stack of baking pans in a large kitchen presenting them. The pans are filled with pastries and loaded into the oven. a knife\nA) is seen moving on a board and cutting out its contents.\nB) hits the peeled cheesecake, followed by sliced custard and still cooked ice cream.\nC) etches a shape into the inside of the baked pans.\nD) is used to cut cylinder shaped dough into rounds.\nPrint only a single choice  from ""A"" or ""B"" or ""C"" or ""D"" without explanation.\nAnswer:\nD\n\nA tray of potatoes is loaded into the oven and removed. A large tray of cake is flipped over and placed on counter. a large tray of meat\nA) is placed onto a baked potato.\nB) , ls, and pickles are placed in the oven.\nC) is poured into a midden.\nD) is prepared then it is removed from the oven by a helper when done.\nPrint only a single choice  from ""A"" or ""B"" or ""C"" or ""D"" without explanation.\nAnswer:\nD\n\nThe man in the center is demonstrating a hairstyle on the person wearing the blue shirt. the man in the blue shirt\nA) is standing on the sponge cutting the hair of the person wearing the blue shirt.\nB) is doing the hairstyle with his hand and the hairspray.\nC) sits on the chair next to the sink.\nD) is being shown eye to eye.\nPrint only a single choice  from ""A"" or ""B"" or ""C"" or ""D"" without explanation.\nAnswer:\nC\n\nA woman in a red suit is talking behind a desk. a man\nA) grabs balls from a rack on the wall.\nB) is standing up holding his foot behind is back.\nC) is vacuum cleaning a black plastic chair.\nD) sprays water into a small white sink.\nPrint only a single choice  from ""A"" or ""B"" or ""C"" or ""D"" without explanation.\nAnswer:']",gpt-oss-120b-working,1dbd8ba9-adfa-4ec6-992b-a5d6dc562758,C,false,,,544,543,1,544,4249,4116,1,3107,1009,minimax-m2.5-229b,2063d361-415b-4e9c-a6fd-df94b0ab8269,C,false,,,1912,1910,2,1912,18702,18620,1,17589,1031
3,C,0.818,,"['Then, the man writes over the snow covering the window of a car, and a woman wearing winter clothes smiles. then\nA) , the man adds wax to the windshield and cuts it.\nB) , a person board a ski lift, while two men supporting the head of the person wearing winter clothes snow as the we girls sled.\nC) , the man puts on a christmas coat, knitted with netting.\nD) , the man continues removing the snow on his car.\nPrint only a single choice  from ""A"" or ""B"" or ""C"" or ""D"" without explanation.\nAnswer:\nD\n\nA female chef in white uniform shows a stack of baking pans in a large kitchen presenting them. the pans\nA) contain egg yolks and baking soda.\nB) are then sprinkled with brown sugar.\nC) are placed in a strainer on the counter.\nD) are filled with pastries and loaded into the oven.\nPrint only a single choice  from ""A"" or ""B"" or ""C"" or ""D"" without explanation.\nAnswer:\nD\n\nA female chef in white uniform shows a stack of baking pans in a large kitchen presenting them. The pans are filled with pastries and loaded into the oven. a knife\nA) is seen moving on a board and cutting out its contents.\nB) hits the peeled cheesecake, followed by sliced custard and still cooked ice cream.\nC) etches a shape into the inside of the baked pans.\nD) is used to cut cylinder shaped dough into rounds.\nPrint only a single choice  from ""A"" or ""B"" or ""C"" or ""D"" without explanation.\nAnswer:\nD\n\nA tray of potatoes is loaded into the oven and removed. A large tray of cake is flipped over and placed on counter. a large tray of meat\nA) is placed onto a baked potato.\nB) , ls, and pickles are placed in the oven.\nC) is poured into a midden.\nD) is prepared then it is removed from the oven by a helper when done.\nPrint only a single choice  from ""A"" or ""B"" or ""C"" or ""D"" without explanation.\nAnswer:\nD\n\nThe man in the center is demonstrating a hairstyle on the person wearing the blue shirt. the man in the blue shirt\nA) is standing on the sponge cutting the hair of the person wearing the blue shirt.\nB) is doing the hairstyle with his hand and the hairspray.\nC) sits on the chair next to the sink.\nD) is being shown eye to eye.\nPrint only a single choice  from ""A"" or ""B"" or ""C"" or ""D"" without explanation.\nAnswer:\nC\n\nVarious shots of a tattoo shop are shown followed by a woman sitting in a chair and a man getting items ready. she\nA) continues tattooing her arm and ends with credits shown on the screen.\nB) then goes out to the back and is seen tattooing and sliding around a man\'s headrest.\nC) takes a sip of water and the man then pierces her lip with a needle.\nD) has several tattoos and the man ffing her arm with a tool.\nPrint only a single choice  from ""A"" or ""B"" or ""C"" or ""D"" without explanation.\nAnswer:']",gpt-oss-120b-working,07ea8273-b3fd-487e-b96d-7270524193ce,A,false,,,356,355,1,356,3064,3021,1,2035,986,minimax-m2.5-229b,6890a318-0329-464f-a1b5-0fcb83626d15,D,false,,,1104,1102,2,1104,11517,11478,1,10032,1446
4,B,0.818,,"['Then, the man writes over the snow covering the window of a car, and a woman wearing winter clothes smiles. then\nA) , the man adds wax to the windshield and cuts it.\nB) , a person board a ski lift, while two men supporting the head of the person wearing winter clothes snow as the we girls sled.\nC) , the man puts on a christmas coat, knitted with netting.\nD) , the man continues removing the snow on his car.\nPrint only a single choice  from ""A"" or ""B"" or ""C"" or ""D"" without explanation.\nAnswer:\nD\n\nA female chef in white uniform shows a stack of baking pans in a large kitchen presenting them. the pans\nA) contain egg yolks and baking soda.\nB) are then sprinkled with brown sugar.\nC) are placed in a strainer on the counter.\nD) are filled with pastries and loaded into the oven.\nPrint only a single choice  from ""A"" or ""B"" or ""C"" or ""D"" without explanation.\nAnswer:\nD\n\nA female chef in white uniform shows a stack of baking pans in a large kitchen presenting them. The pans are filled with pastries and loaded into the oven. a knife\nA) is seen moving on a board and cutting out its contents.\nB) hits the peeled cheesecake, followed by sliced custard and still cooked ice cream.\nC) etches a shape into the inside of the baked pans.\nD) is used to cut cylinder shaped dough into rounds.\nPrint only a single choice  from ""A"" or ""B"" or ""C"" or ""D"" without explanation.\nAnswer:\nD\n\nA tray of potatoes is loaded into the oven and removed. A large tray of cake is flipped over and placed on counter. a large tray of meat\nA) is placed onto a baked potato.\nB) , ls, and pickles are placed in the oven.\nC) is poured into a midden.\nD) is prepared then it is removed from the oven by a helper when done.\nPrint only a single choice  from ""A"" or ""B"" or ""C"" or ""D"" without explanation.\nAnswer:\nD\n\nThe man in the center is demonstrating a hairstyle on the person wearing the blue shirt. the man in the blue shirt\nA) is standing on the sponge cutting the hair of the person wearing the blue shirt.\nB) is doing the hairstyle with his hand and the hairspray.\nC) sits on the chair next to the sink.\nD) is being shown eye to eye.\nPrint only a single choice  from ""A"" or ""B"" or ""C"" or ""D"" without explanation.\nAnswer:\nC\n\nA man stands in the middle of a stadium. Crowds watch and cheer the man on. the man\nA) does a front flip to land in a stand.\nB) takes off running across the track.\nC) does some flips and lands in the sand.\nD) in white walks away.\nPrint only a single choice  from ""A"" or ""B"" or ""C"" or ""D"" without explanation.\nAnswer:']",gpt-oss-120b-working,434faf22-2e9b-4136-b5b3-1b1e86a88821,B,true,,,775,774,1,775,8002,7956,1,6972,984,minimax-m2.5-229b,36cbb03e-f8c5-416e-8c41-5fa0328b7b7c,C,false,,,3618,3616,2,3618,35633,35568,2,34125,1443
5,D,0.818,,"['Then, the man writes over the snow covering the window of a car, and a woman wearing winter clothes smiles. then\nA) , the man adds wax to the windshield and cuts it.\nB) , a person board a ski lift, while two men supporting the head of the person wearing winter clothes snow as the we girls sled.\nC) , the man puts on a christmas coat, knitted with netting.\nD) , the man continues removing the snow on his car.\nPrint only a single choice  from ""A"" or ""B"" or ""C"" or ""D"" without explanation.\nAnswer:\nD\n\nA female chef in white uniform shows a stack of baking pans in a large kitchen presenting them. the pans\nA) contain egg yolks and baking soda.\nB) are then sprinkled with brown sugar.\nC) are placed in a strainer on the counter.\nD) are filled with pastries and loaded into the oven.\nPrint only a single choice  from ""A"" or ""B"" or ""C"" or ""D"" without explanation.\nAnswer:\nD\n\nA female chef in white uniform shows a stack of baking pans in a large kitchen presenting them. The pans are filled with pastries and loaded into the oven. a knife\nA) is seen moving on a board and cutting out its contents.\nB) hits the peeled cheesecake, followed by sliced custard and still cooked ice cream.\nC) etches a shape into the inside of the baked pans.\nD) is used to cut cylinder shaped dough into rounds.\nPrint only a single choice  from ""A"" or ""B"" or ""C"" or ""D"" without explanation.\nAnswer:\nD\n\nA tray of potatoes is loaded into the oven and removed. A large tray of cake is flipped over and placed on counter. a large tray of meat\nA) is placed onto a baked potato.\nB) , ls, and pickles are placed in the oven.\nC) is poured into a midden.\nD) is prepared then it is removed from the oven by a helper when done.\nPrint only a single choice  from ""A"" or ""B"" or ""C"" or ""D"" without explanation.\nAnswer:\nD\n\nThe man in the center is demonstrating a hairstyle on the person wearing the blue shirt. the man in the blue shirt\nA) is standing on the sponge cutting the hair of the person wearing the blue shirt.\nB) is doing the hairstyle with his hand and the hairspray.\nC) sits on the chair next to the sink.\nD) is being shown eye to eye.\nPrint only a single choice  from ""A"" or ""B"" or ""C"" or ""D"" without explanation.\nAnswer:\nC\n\nA crew of men clean a red car with clothes. two women\nA) wash two tires with a cleaning solution in a sink.\nB) wash a white car using a hose.\nC) are on the ground in an smoking area playing table tennis.\nD) talks inside a car washing shop where there are people waiting.\nPrint only a single choice  from ""A"" or ""B"" or ""C"" or ""D"" without explanation.\nAnswer:']",gpt-oss-120b-working,95f85334-3296-4b02-b937-8a2f93f1d1ee,A,false,,,384,383,1,384,3379,3198,1,2186,1012,minimax-m2.5-229b,3d1c9b00-8438-43a0-85e0-92a7219ed02e,B,false,,,818,816,2,818,8938,8915,1,7404,1511
6,A,0.818,,"['Then, the man writes over the snow covering the window of a car, and a woman wearing winter clothes smiles. then\nA) , the man adds wax to the windshield and cuts it.\nB) , a person board a ski lift, while two men supporting the head of the person wearing winter clothes snow as the we girls sled.\nC) , the man puts on a christmas coat, knitted with netting.\nD) , the man continues removing the snow on his car.\nPrint only a single choice  from ""A"" or ""B"" or ""C"" or ""D"" without explanation.\nAnswer:\nD\n\nA female chef in white uniform shows a stack of baking pans in a large kitchen presenting them. the pans\nA) contain egg yolks and baking soda.\nB) are then sprinkled with brown sugar.\nC) are placed in a strainer on the counter.\nD) are filled with pastries and loaded into the oven.\nPrint only a single choice  from ""A"" or ""B"" or ""C"" or ""D"" without explanation.\nAnswer:\nD\n\nA female chef in white uniform shows a stack of baking pans in a large kitchen presenting them. The pans are filled with pastries and loaded into the oven. a knife\nA) is seen moving on a board and cutting out its contents.\nB) hits the peeled cheesecake, followed by sliced custard and still cooked ice cream.\nC) etches a shape into the inside of the baked pans.\nD) is used to cut cylinder shaped dough into rounds.\nPrint only a single choice  from ""A"" or ""B"" or ""C"" or ""D"" without explanation.\nAnswer:\nD\n\nA tray of potatoes is loaded into the oven and removed. A large tray of cake is flipped over and placed on counter. a large tray of meat\nA) is placed onto a baked potato.\nB) , ls, and pickles are placed in the oven.\nC) is poured into a midden.\nD) is prepared then it is removed from the oven by a helper when done.\nPrint only a single choice  from ""A"" or ""B"" or ""C"" or ""D"" without explanation.\nAnswer:\nD\n\nThe man in the center is demonstrating a hairstyle on the person wearing the blue shirt. the man in the blue shirt\nA) is standing on the sponge cutting the hair of the person wearing the blue shirt.\nB) is doing the hairstyle with his hand and the hairspray.\nC) sits on the chair next to the sink.\nD) is being shown eye to eye.\nPrint only a single choice  from ""A"" or ""B"" or ""C"" or ""D"" without explanation.\nAnswer:\nC\n\nThe man holds up both arms. The man in purple arm wrestles. The purple shirt man wins the match. the men\nA) get up from the table and the buff man in purple laughs.\nB) shake hands and hug themselves.\nC) shake hands and walk away and the match fades to black.\nD) hug each other and clap.\nPrint only a single choice  from ""A"" or ""B"" or ""C"" or ""D"" without explanation.\nAnswer:']",gpt-oss-120b-working,64e383ac-0f11-4fb5-9c48-9277eddb925b,C,false,,,423,422,1,423,3855,3797,1,2424,1373,minimax-m2.5-229b,f65beeec-6542-42e0-8ac7-f5eb4cb35f73,C,false,,,2028,2026,2,2028,20407,20378,1,18559,1819
7,A,0.818,,"['Then, the man writes over the snow covering the window of a car, and a woman wearing winter clothes smiles. then\nA) , the man adds wax to the windshield and cuts it.\nB) , a person board a ski lift, while two men supporting the head of the person wearing winter clothes snow as the we girls sled.\nC) , the man puts on a christmas coat, knitted with netting.\nD) , the man continues removing the snow on his car.\nPrint only a single choice  from ""A"" or ""B"" or ""C"" or ""D"" without explanation.\nAnswer:\nD\n\nA female chef in white uniform shows a stack of baking pans in a large kitchen presenting them. the pans\nA) contain egg yolks and baking soda.\nB) are then sprinkled with brown sugar.\nC) are placed in a strainer on the counter.\nD) are filled with pastries and loaded into the oven.\nPrint only a single choice  from ""A"" or ""B"" or ""C"" or ""D"" without explanation.\nAnswer:\nD\n\nA female chef in white uniform shows a stack of baking pans in a large kitchen presenting them. The pans are filled with pastries and loaded into the oven. a knife\nA) is seen moving on a board and cutting out its contents.\nB) hits the peeled cheesecake, followed by sliced custard and still cooked ice cream.\nC) etches a shape into the inside of the baked pans.\nD) is used to cut cylinder shaped dough into rounds.\nPrint only a single choice  from ""A"" or ""B"" or ""C"" or ""D"" without explanation.\nAnswer:\nD\n\nA tray of potatoes is loaded into the oven and removed. A large tray of cake is flipped over and placed on counter. a large tray of meat\nA) is placed onto a baked potato.\nB) , ls, and pickles are placed in the oven.\nC) is poured into a midden.\nD) is prepared then it is removed from the oven by a helper when done.\nPrint only a single choice  from ""A"" or ""B"" or ""C"" or ""D"" without explanation.\nAnswer:\nD\n\nThe man in the center is demonstrating a hairstyle on the person wearing the blue shirt. the man in the blue shirt\nA) is standing on the sponge cutting the hair of the person wearing the blue shirt.\nB) is doing the hairstyle with his hand and the hairspray.\nC) sits on the chair next to the sink.\nD) is being shown eye to eye.\nPrint only a single choice  from ""A"" or ""B"" or ""C"" or ""D"" without explanation.\nAnswer:\nC\n\nA man is outside in a soccer field putting his equipment in a book bag. once the things\nA) are in his bags, he secures it with his straps and begins jumping up and down.\nB) are all strapped together the man begins running.\nC) are in place, he begins walking towards the goal and doing several kicks.\nD) are in, he starts to run and do his first throw.\nPrint only a single choice  from ""A"" or ""B"" or ""C"" or ""D"" without explanation.\nAnswer:']",gpt-oss-120b-working,f996ea90-ed3b-4c23-8be8-4d96e25037e6,C,false,,,216,215,1,216,2379,2329,1,1323,1006,minimax-m2.5-229b,be41f879-8541-4361-a817-748a5b0531a6,C,false,,,1806,1804,2,1806,18397,18370,2,16596,1774
8,C,0.818,,"['Then, the man writes over the snow covering the window of a car, and a woman wearing winter clothes smiles. then\nA) , the man adds wax to the windshield and cuts it.\nB) , a person board a ski lift, while two men supporting the head of the person wearing winter clothes snow as the we girls sled.\nC) , the man puts on a christmas coat, knitted with netting.\nD) , the man continues removing the snow on his car.\nPrint only a single choice  from ""A"" or ""B"" or ""C"" or ""D"" without explanation.\nAnswer:\nD\n\nA female chef in white uniform shows a stack of baking pans in a large kitchen presenting them. the pans\nA) contain egg yolks and baking soda.\nB) are then sprinkled with brown sugar.\nC) are placed in a strainer on the counter.\nD) are filled with pastries and loaded into the oven.\nPrint only a single choice  from ""A"" or ""B"" or ""C"" or ""D"" without explanation.\nAnswer:\nD\n\nA female chef in white uniform shows a stack of baking pans in a large kitchen presenting them. The pans are filled with pastries and loaded into the oven. a knife\nA) is seen moving on a board and cutting out its contents.\nB) hits the peeled cheesecake, followed by sliced custard and still cooked ice cream.\nC) etches a shape into the inside of the baked pans.\nD) is used to cut cylinder shaped dough into rounds.\nPrint only a single choice  from ""A"" or ""B"" or ""C"" or ""D"" without explanation.\nAnswer:\nD\n\nA tray of potatoes is loaded into the oven and removed. A large tray of cake is flipped over and placed on counter. a large tray of meat\nA) is placed onto a baked potato.\nB) , ls, and pickles are placed in the oven.\nC) is poured into a midden.\nD) is prepared then it is removed from the oven by a helper when done.\nPrint only a single choice  from ""A"" or ""B"" or ""C"" or ""D"" without explanation.\nAnswer:\nD\n\nThe man in the center is demonstrating a hairstyle on the person wearing the blue shirt. the man in the blue shirt\nA) is standing on the sponge cutting the hair of the person wearing the blue shirt.\nB) is doing the hairstyle with his hand and the hairspray.\nC) sits on the chair next to the sink.\nD) is being shown eye to eye.\nPrint only a single choice  from ""A"" or ""B"" or ""C"" or ""D"" without explanation.\nAnswer:\nC\n\nMen are lifting heavy weights over their head several times. A man in a blue shirt is watching one of the men. a man in a gray shirt\nA) is watching the men on the ground.\nB) is talking to one of the men in the middle of the gym.\nC) is mimicking the person lifting the weight.\nD) hits a big weight in slow motion.\nPrint only a single choice  from ""A"" or ""B"" or ""C"" or ""D"" without explanation.\nAnswer:']",gpt-oss-120b-working,5a7e604e-d914-475c-92bf-036ea64ac28e,C,true,,,363,362,1,363,3239,3113,1,2085,1028,minimax-m2.5-229b,56867b87-4640-420d-8126-676371840c77,A,false,,,4470,4468,2,4470,44001,43937,1,42834,1103
9,D,0.818,,"['Then, the man writes over the snow covering the window of a car, and a woman wearing winter clothes smiles. then\nA) , the man adds wax to the windshield and cuts it.\nB) , a person board a ski lift, while two men supporting the head of the person wearing winter clothes snow as the we girls sled.\nC) , the man puts on a christmas coat, knitted with netting.\nD) , the man continues removing the snow on his car.\nPrint only a single choice  from ""A"" or ""B"" or ""C"" or ""D"" without explanation.\nAnswer:\nD\n\nA female chef in white uniform shows a stack of baking pans in a large kitchen presenting them. the pans\nA) contain egg yolks and baking soda.\nB) are then sprinkled with brown sugar.\nC) are placed in a strainer on the counter.\nD) are filled with pastries and loaded into the oven.\nPrint only a single choice  from ""A"" or ""B"" or ""C"" or ""D"" without explanation.\nAnswer:\nD\n\nA female chef in white uniform shows a stack of baking pans in a large kitchen presenting them. The pans are filled with pastries and loaded into the oven. a knife\nA) is seen moving on a board and cutting out its contents.\nB) hits the peeled cheesecake, followed by sliced custard and still cooked ice cream.\nC) etches a shape into the inside of the baked pans.\nD) is used to cut cylinder shaped dough into rounds.\nPrint only a single choice  from ""A"" or ""B"" or ""C"" or ""D"" without explanation.\nAnswer:\nD\n\nA tray of potatoes is loaded into the oven and removed. A large tray of cake is flipped over and placed on counter. a large tray of meat\nA) is placed onto a baked potato.\nB) , ls, and pickles are placed in the oven.\nC) is poured into a midden.\nD) is prepared then it is removed from the oven by a helper when done.\nPrint only a single choice  from ""A"" or ""B"" or ""C"" or ""D"" without explanation.\nAnswer:\nD\n\nThe man in the center is demonstrating a hairstyle on the person wearing the blue shirt. the man in the blue shirt\nA) is standing on the sponge cutting the hair of the person wearing the blue shirt.\nB) is doing the hairstyle with his hand and the hairspray.\nC) sits on the chair next to the sink.\nD) is being shown eye to eye.\nPrint only a single choice  from ""A"" or ""B"" or ""C"" or ""D"" without explanation.\nAnswer:\nC\n\nA rabbit is cleaning itself with its tongue. it\nA) lays down on its back while it sniffs information.\nB) looks up at the camera and the camera holds its eye open.\nC) waves its front paw at the camera.\nD) is underneath a chair.\nPrint only a single choice  from ""A"" or ""B"" or ""C"" or ""D"" without explanation.\nAnswer:']",gpt-oss-120b-working,5d277fb4-7e3c-4e80-8549-3f2a6e77c0fb,B,false,,,123,122,1,123,1789,1690,2,719,971,minimax-m2.5-229b,9c892ea4-c9e7-403b-afaf-77a5063bb84a,D,true,,,1682,1680,2,1682,17337,17303,2,15398,1905
10,D,0.818,,"['Then, the man writes over the snow covering the window of a car, and a woman wearing winter clothes smiles. then\nA) , the man adds wax to the windshield and cuts it.\nB) , a person board a ski lift, while two men supporting the head of the person wearing winter clothes snow as the we girls sled.\nC) , the man puts on a christmas coat, knitted with netting.\nD) , the man continues removing the snow on his car.\nPrint only a single choice  from ""A"" or ""B"" or ""C"" or ""D"" without explanation.\nAnswer:\nD\n\nA female chef in white uniform shows a stack of baking pans in a large kitchen presenting them. the pans\nA) contain egg yolks and baking soda.\nB) are then sprinkled with brown sugar.\nC) are placed in a strainer on the counter.\nD) are filled with pastries and loaded into the oven.\nPrint only a single choice  from ""A"" or ""B"" or ""C"" or ""D"" without explanation.\nAnswer:\nD\n\nA female chef in white uniform shows a stack of baking pans in a large kitchen presenting them. The pans are filled with pastries and loaded into the oven. a knife\nA) is seen moving on a board and cutting out its contents.\nB) hits the peeled cheesecake, followed by sliced custard and still cooked ice cream.\nC) etches a shape into the inside of the baked pans.\nD) is used to cut cylinder shaped dough into rounds.\nPrint only a single choice  from ""A"" or ""B"" or ""C"" or ""D"" without explanation.\nAnswer:\nD\n\nA tray of potatoes is loaded into the oven and removed. A large tray of cake is flipped over and placed on counter. a large tray of meat\nA) is placed onto a baked potato.\nB) , ls, and pickles are placed in the oven.\nC) is poured into a midden.\nD) is prepared then it is removed from the oven by a helper when done.\nPrint only a single choice  from ""A"" or ""B"" or ""C"" or ""D"" without explanation.\nAnswer:\nD\n\nThe man in the center is demonstrating a hairstyle on the person wearing the blue shirt. the man in the blue shirt\nA) is standing on the sponge cutting the hair of the person wearing the blue shirt.\nB) is doing the hairstyle with his hand and the hairspray.\nC) sits on the chair next to the sink.\nD) is being shown eye to eye.\nPrint only a single choice  from ""A"" or ""B"" or ""C"" or ""D"" without explanation.\nAnswer:\nC\n\n[header] How to conduct small talk in cyberspace [title] Establish a purpose before you post. [step] Are you just announcing something or are you open to a dialogue? For example, if you want to let people know you\'re taking an exotic vacation, it\'s better to engage your network. Try something like, "" just booked a ticket to india.\nA) Would you want to join me? "" or "" i just spoke to nancy concerning my trip to india. Can we talk about this? "" [title] Ask an open-ended question.\nB) I\'m going to india, what do you think? Would you be interested? "" [substeps] If your access to live chat is too limited, try a post-it note or another small sign. This will send the message to your online friend.\nC) "" [substeps] An example might be, "" hi, i\'m jessica kitten. I\'m planning to visit asia sometime in the next few months.\nD) Anyone have hotel or restaurant recommendations? "" [title] Don\'t over share. [step] T.m.i (too much information) on the world wide web is tasteless.\nPrint only a single choice  from ""A"" or ""B"" or ""C"" or ""D"" without explanation.\nAnswer:']",gpt-oss-120b-working,7f9af4c6-5b02-4e2c-b20c-29b878bb1358,B,false,,,1168,1167,1,1168,8322,8161,2,6700,1461,minimax-m2.5-229b,cad9603e-46fc-4ce1-a785-876e1d50df88,A,false,,,1866,1864,2,1866,18412,18369,1,17109,1260
11,D,0.818,,"['Then, the man writes over the snow covering the window of a car, and a woman wearing winter clothes smiles. then\nA) , the man adds wax to the windshield and cuts it.\nB) , a person board a ski lift, while two men supporting the head of the person wearing winter clothes snow as the we girls sled.\nC) , the man puts on a christmas coat, knitted with netting.\nD) , the man continues removing the snow on his car.\nPrint only a single choice  from ""A"" or ""B"" or ""C"" or ""D"" without explanation.\nAnswer:\nD\n\nA female chef in white uniform shows a stack of baking pans in a large kitchen presenting them. the pans\nA) contain egg yolks and baking soda.\nB) are then sprinkled with brown sugar.\nC) are placed in a strainer on the counter.\nD) are filled with pastries and loaded into the oven.\nPrint only a single choice  from ""A"" or ""B"" or ""C"" or ""D"" without explanation.\nAnswer:\nD\n\nA female chef in white uniform shows a stack of baking pans in a large kitchen presenting them. The pans are filled with pastries and loaded into the oven. a knife\nA) is seen moving on a board and cutting out its contents.\nB) hits the peeled cheesecake, followed by sliced custard and still cooked ice cream.\nC) etches a shape into the inside of the baked pans.\nD) is used to cut cylinder shaped dough into rounds.\nPrint only a single choice  from ""A"" or ""B"" or ""C"" or ""D"" without explanation.\nAnswer:\nD\n\nA tray of potatoes is loaded into the oven and removed. A large tray of cake is flipped over and placed on counter. a large tray of meat\nA) is placed onto a baked potato.\nB) , ls, and pickles are placed in the oven.\nC) is poured into a midden.\nD) is prepared then it is removed from the oven by a helper when done.\nPrint only a single choice  from ""A"" or ""B"" or ""C"" or ""D"" without explanation.\nAnswer:\nD\n\nThe man in the center is demonstrating a hairstyle on the person wearing the blue shirt. the man in the blue shirt\nA) is standing on the sponge cutting the hair of the person wearing the blue shirt.\nB) is doing the hairstyle with his hand and the hairspray.\nC) sits on the chair next to the sink.\nD) is being shown eye to eye.\nPrint only a single choice  from ""A"" or ""B"" or ""C"" or ""D"" without explanation.\nAnswer:\nC\n\n[header] How to unfade jeans [title] Weigh your jeans. [step] Use a food scale to weigh the jeans that you want to dye. Knowing the weight of the item of clothing will help you determine how much dye you need to use to re-dye the jeans.\nA) [title] Use bleach to remove dirt and sediment from the jeans. [step] Mix the bleach with the water and rub the item of clothing with it to begin the process.\nB) [substeps] Do a number of math problems as you weigh them on a scale (such as you are 15 pounds or 240 lbs). It will help you to figure out how much dye you need to use.\nC) [substeps] If you are using a food scale, you will need to weigh both the inside and outside of the jeans. This will help the amount of dye blend better.\nD) [substeps] If you don\'t own a scale you can estimate the weight of your jeans. Mens jeans will often weigh more than female jeans.\nPrint only a single choice  from ""A"" or ""B"" or ""C"" or ""D"" without explanation.\nAnswer:']",gpt-oss-120b-working,52d0ff42-41f2-4faa-ac5a-147d2e007de2,D,true,,,303,302,1,303,2751,2696,1,1735,961,minimax-m2.5-229b,92da5c99-e600-4d74-b3e1-03f12af5507b,C,false,,,1086,1084,2,1086,10964,10931,1,9836,1095
12,C,0.818,,"['Then, the man writes over the snow covering the window of a car, and a woman wearing winter clothes smiles. then\nA) , the man adds wax to the windshield and cuts it.\nB) , a person board a ski lift, while two men supporting the head of the person wearing winter clothes snow as the we girls sled.\nC) , the man puts on a christmas coat, knitted with netting.\nD) , the man continues removing the snow on his car.\nPrint only a single choice  from ""A"" or ""B"" or ""C"" or ""D"" without explanation.\nAnswer:\nD\n\nA female chef in white uniform shows a stack of baking pans in a large kitchen presenting them. the pans\nA) contain egg yolks and baking soda.\nB) are then sprinkled with brown sugar.\nC) are placed in a strainer on the counter.\nD) are filled with pastries and loaded into the oven.\nPrint only a single choice  from ""A"" or ""B"" or ""C"" or ""D"" without explanation.\nAnswer:\nD\n\nA female chef in white uniform shows a stack of baking pans in a large kitchen presenting them. The pans are filled with pastries and loaded into the oven. a knife\nA) is seen moving on a board and cutting out its contents.\nB) hits the peeled cheesecake, followed by sliced custard and still cooked ice cream.\nC) etches a shape into the inside of the baked pans.\nD) is used to cut cylinder shaped dough into rounds.\nPrint only a single choice  from ""A"" or ""B"" or ""C"" or ""D"" without explanation.\nAnswer:\nD\n\nA tray of potatoes is loaded into the oven and removed. A large tray of cake is flipped over and placed on counter. a large tray of meat\nA) is placed onto a baked potato.\nB) , ls, and pickles are placed in the oven.\nC) is poured into a midden.\nD) is prepared then it is removed from the oven by a helper when done.\nPrint only a single choice  from ""A"" or ""B"" or ""C"" or ""D"" without explanation.\nAnswer:\nD\n\nThe man in the center is demonstrating a hairstyle on the person wearing the blue shirt. the man in the blue shirt\nA) is standing on the sponge cutting the hair of the person wearing the blue shirt.\nB) is doing the hairstyle with his hand and the hairspray.\nC) sits on the chair next to the sink.\nD) is being shown eye to eye.\nPrint only a single choice  from ""A"" or ""B"" or ""C"" or ""D"" without explanation.\nAnswer:\nC\n\n[header] How to sneak tampons and pads into the bathroom [title] Store tampons and pads in several different locations. [step] This makes sneaking your stash into the bathroom more convenient based on where you are and who you\'re with. For example, if spending the day at school or work, store tampons and pads in your purse, desk, backpack, pencil case, lunch box, and car.\nA) [title] Take plenty of hygiene items with you. [step] Long days on the bus and across a crowded parking lot can make sneaking tampons and pads hard.\nB) You can also sneak them into the locker if you are at home, but that will be quicker. [title] Change your tampons and pads often.\nC) [title] Pretend you\'re hunting for something else. [step] This tricks people into thinking you\'re looking for items other than feminine products.\nD) Put the backs on your tampons and pads in plain sight to avoid having to keep them in your locker. [title] Eliminate the use of your bag or backpack or any other inconvenient places.\nPrint only a single choice  from ""A"" or ""B"" or ""C"" or ""D"" without explanation.\nAnswer:']",gpt-oss-120b-working,a97b6538-866b-4062-8800-cb6a0705ba26,C,true,,,405,404,1,405,4157,4109,1,2327,1782,minimax-m2.5-229b,92ecaf73-2196-4402-83e6-5c948be4fe38,C,true,,,1190,1188,2,1190,12580,12553,1,10861,1692
13,D,0.818,,"['Then, the man writes over the snow covering the window of a car, and a woman wearing winter clothes smiles. then\nA) , the man adds wax to the windshield and cuts it.\nB) , a person board a ski lift, while two men supporting the head of the person wearing winter clothes snow as the we girls sled.\nC) , the man puts on a christmas coat, knitted with netting.\nD) , the man continues removing the snow on his car.\nPrint only a single choice  from ""A"" or ""B"" or ""C"" or ""D"" without explanation.\nAnswer:\nD\n\nA female chef in white uniform shows a stack of baking pans in a large kitchen presenting them. the pans\nA) contain egg yolks and baking soda.\nB) are then sprinkled with brown sugar.\nC) are placed in a strainer on the counter.\nD) are filled with pastries and loaded into the oven.\nPrint only a single choice  from ""A"" or ""B"" or ""C"" or ""D"" without explanation.\nAnswer:\nD\n\nA female chef in white uniform shows a stack of baking pans in a large kitchen presenting them. The pans are filled with pastries and loaded into the oven. a knife\nA) is seen moving on a board and cutting out its contents.\nB) hits the peeled cheesecake, followed by sliced custard and still cooked ice cream.\nC) etches a shape into the inside of the baked pans.\nD) is used to cut cylinder shaped dough into rounds.\nPrint only a single choice  from ""A"" or ""B"" or ""C"" or ""D"" without explanation.\nAnswer:\nD\n\nA tray of potatoes is loaded into the oven and removed. A large tray of cake is flipped over and placed on counter. a large tray of meat\nA) is placed onto a baked potato.\nB) , ls, and pickles are placed in the oven.\nC) is poured into a midden.\nD) is prepared then it is removed from the oven by a helper when done.\nPrint only a single choice  from ""A"" or ""B"" or ""C"" or ""D"" without explanation.\nAnswer:\nD\n\nThe man in the center is demonstrating a hairstyle on the person wearing the blue shirt. the man in the blue shirt\nA) is standing on the sponge cutting the hair of the person wearing the blue shirt.\nB) is doing the hairstyle with his hand and the hairspray.\nC) sits on the chair next to the sink.\nD) is being shown eye to eye.\nPrint only a single choice  from ""A"" or ""B"" or ""C"" or ""D"" without explanation.\nAnswer:\nC\n\n[header] How to wear chiffon pants [title] Go wide. [step] Most chiffon pants are wide-leg palazzo pants. As a lightweight fabric that drapes well, chiffon adds elegance and shape to the otherwise boxy cut of the palazzo style.\nA) Wide-leg palazzo pants also feature lightweight panels that are traditionally embellished or embroidered. [substeps] This is also a great option for men who like vintage and skater trouser styles.\nB) Zigzag fabric helps elongate the waist, and the elastic waistband is made of cotton rather than nylon. Chiffon pants have a tendency to bunch at the waist, making it less visible in formal settings when drawing attention to the flare of the pants.\nC) You can even go wide at the waist to get a more sleek look. [substeps] To create more volume while also showing the legs, stand well away from seams that will show through the pants.\nD) [substeps] You may even have trouble if you want to find chiffon pants cut to any other form. Chiffon is a material that doesn\'t have much structure on its own, so it is ill-suited for clothing meant to give shape and form to your body.\nPrint only a single choice  from ""A"" or ""B"" or ""C"" or ""D"" without explanation.\nAnswer:']",gpt-oss-120b-working,413aed42-d209-4c25-9a9c-1b388ae66ca1,C,false,,,461,460,1,461,4489,4427,2,2633,1794,minimax-m2.5-229b,f6ba193f-b8e4-45b9-9cb5-82e42d74d1e7,C,false,,,860,858,2,860,9351,9304,1,7762,1542
14,D,0.818,,"['Then, the man writes over the snow covering the window of a car, and a woman wearing winter clothes smiles. then\nA) , the man adds wax to the windshield and cuts it.\nB) , a person board a ski lift, while two men supporting the head of the person wearing winter clothes snow as the we girls sled.\nC) , the man puts on a christmas coat, knitted with netting.\nD) , the man continues removing the snow on his car.\nPrint only a single choice  from ""A"" or ""B"" or ""C"" or ""D"" without explanation.\nAnswer:\nD\n\nA female chef in white uniform shows a stack of baking pans in a large kitchen presenting them. the pans\nA) contain egg yolks and baking soda.\nB) are then sprinkled with brown sugar.\nC) are placed in a strainer on the counter.\nD) are filled with pastries and loaded into the oven.\nPrint only a single choice  from ""A"" or ""B"" or ""C"" or ""D"" without explanation.\nAnswer:\nD\n\nA female chef in white uniform shows a stack of baking pans in a large kitchen presenting them. The pans are filled with pastries and loaded into the oven. a knife\nA) is seen moving on a board and cutting out its contents.\nB) hits the peeled cheesecake, followed by sliced custard and still cooked ice cream.\nC) etches a shape into the inside of the baked pans.\nD) is used to cut cylinder shaped dough into rounds.\nPrint only a single choice  from ""A"" or ""B"" or ""C"" or ""D"" without explanation.\nAnswer:\nD\n\nA tray of potatoes is loaded into the oven and removed. A large tray of cake is flipped over and placed on counter. a large tray of meat\nA) is placed onto a baked potato.\nB) , ls, and pickles are placed in the oven.\nC) is poured into a midden.\nD) is prepared then it is removed from the oven by a helper when done.\nPrint only a single choice  from ""A"" or ""B"" or ""C"" or ""D"" without explanation.\nAnswer:\nD\n\nThe man in the center is demonstrating a hairstyle on the person wearing the blue shirt. the man in the blue shirt\nA) is standing on the sponge cutting the hair of the person wearing the blue shirt.\nB) is doing the hairstyle with his hand and the hairspray.\nC) sits on the chair next to the sink.\nD) is being shown eye to eye.\nPrint only a single choice  from ""A"" or ""B"" or ""C"" or ""D"" without explanation.\nAnswer:\nC\n\n[header] How to get a hard boiled egg out of a bottle [title] Gather the necessary materials. [step] To get the egg out of the bottle using this method, you will need baking soda, vinegar, and a plate. This method uses a chemical reaction to increase the air pressure inside the bottle.\nA) You will need : [substeps] A glass jar or a baking dish large enough to grip the egg in it. You will need vinegar and either a wire mixing bowl or a wire whisk.\nB) It can be done with water or a vinegar solution. [substeps] You can buy baking soda at your local grocery store.\nC) Look in the refrigerator or freezer for an egg and vinegar mixture (usually labeled "" eggshell, egg white, vinegar, or baking soda ""). [title] Transfer the egg and vinegar mixture to a clean plate.\nD) The increased air pressure will push the egg out of the bottle. [substeps] You need about 3 tablespoons (44 ml) of vinegar and 2 tablespoons (14.\nPrint only a single choice  from ""A"" or ""B"" or ""C"" or ""D"" without explanation.\nAnswer:']",gpt-oss-120b-working,7d701c18-9e9b-421f-ac59-f668a853faf3,D,true,,,390,389,1,390,3276,3218,1,2231,987,minimax-m2.5-229b,d41e4cb2-cfda-4c79-bdf6-072d83364226,D,true,,,944,942,2,944,9709,9675,1,8591,1084
15,D,0.727,,"['Then, the man writes over the snow covering the window of a car, and a woman wearing winter clothes smiles. then\nA) , the man adds wax to the windshield and cuts it.\nB) , a person board a ski lift, while two men supporting the head of the person wearing winter clothes snow as the we girls sled.\nC) , the man puts on a christmas coat, knitted with netting.\nD) , the man continues removing the snow on his car.\nPrint only a single choice  from ""A"" or ""B"" or ""C"" or ""D"" without explanation.\nAnswer:\nD\n\nA female chef in white uniform shows a stack of baking pans in a large kitchen presenting them. the pans\nA) contain egg yolks and baking soda.\nB) are then sprinkled with brown sugar.\nC) are placed in a strainer on the counter.\nD) are filled with pastries and loaded into the oven.\nPrint only a single choice  from ""A"" or ""B"" or ""C"" or ""D"" without explanation.\nAnswer:\nD\n\nA female chef in white uniform shows a stack of baking pans in a large kitchen presenting them. The pans are filled with pastries and loaded into the oven. a knife\nA) is seen moving on a board and cutting out its contents.\nB) hits the peeled cheesecake, followed by sliced custard and still cooked ice cream.\nC) etches a shape into the inside of the baked pans.\nD) is used to cut cylinder shaped dough into rounds.\nPrint only a single choice  from ""A"" or ""B"" or ""C"" or ""D"" without explanation.\nAnswer:\nD\n\nA tray of potatoes is loaded into the oven and removed. A large tray of cake is flipped over and placed on counter. a large tray of meat\nA) is placed onto a baked potato.\nB) , ls, and pickles are placed in the oven.\nC) is poured into a midden.\nD) is prepared then it is removed from the oven by a helper when done.\nPrint only a single choice  from ""A"" or ""B"" or ""C"" or ""D"" without explanation.\nAnswer:\nD\n\nThe man in the center is demonstrating a hairstyle on the person wearing the blue shirt. the man in the blue shirt\nA) is standing on the sponge cutting the hair of the person wearing the blue shirt.\nB) is doing the hairstyle with his hand and the hairspray.\nC) sits on the chair next to the sink.\nD) is being shown eye to eye.\nPrint only a single choice  from ""A"" or ""B"" or ""C"" or ""D"" without explanation.\nAnswer:\nC\n\nThe man takes some white paste out of a can, adds some coloring to it and mixes it. the man\nA) trims the hair straight and down from the sides, showing off the whitening solution.\nB) grinds the paste together in the can.\nC) uses the mixture to blue coloring the tile.\nD) applies the brown colored paste to holes in the wood.\nPrint only a single choice  from ""A"" or ""B"" or ""C"" or ""D"" without explanation.\nAnswer:']",gpt-oss-120b-working,eb7274e7-d9c8-4188-b420-139f09f04cfd,C,false,,,389,388,1,389,3742,3674,1,2229,1445,minimax-m2.5-229b,77342868-f731-4f21-99e7-c69f245210bf,C,false,,,1597,1595,2,1597,15626,15593,2,14490,1103
16,D,0.727,,"['George wants to warm his hands quickly by rubbing them. Which skin surface will produce the most heat?\nA) dry palms\nB) wet palms\nC) palms covered with oil\nD) palms covered with lotion\nPrint only a single choice  from ""A"" or ""B"" or ""C"" or ""D"" without explanation.\nAnswer:\nA\n\nWhich of the following statements best explains why magnets usually stick to a refrigerator door?\nA) The refrigerator door is smooth.\nB) The refrigerator door contains iron.\nC) The refrigerator door is a good conductor.\nD) The refrigerator door has electric wires in it.\nPrint only a single choice  from ""A"" or ""B"" or ""C"" or ""D"" without explanation.\nAnswer:\nB\n\nA fold observed in layers of sedimentary rock most likely resulted from the\nA) cooling of flowing magma.\nB) converging of crustal plates.\nC) deposition of river sediments.\nD) solution of carbonate minerals.\nPrint only a single choice  from ""A"" or ""B"" or ""C"" or ""D"" without explanation.\nAnswer:\nB\n\nWhich of these do scientists offer as the most recent explanation as to why many plants and animals died out at the end of the Mesozoic era?\nA) worldwide disease\nB) global mountain building\nC) rise of mammals that preyed upon plants and animals\nD) impact of an asteroid created dust that blocked the sunlight\nPrint only a single choice  from ""A"" or ""B"" or ""C"" or ""D"" without explanation.\nAnswer:\nD\n\nA boat is acted on by a river current flowing north and by wind blowing on its sails. The boat travels northeast. In which direction is the wind most likely applying force to the sails of the boat?\nA) west\nB) east\nC) north\nD) south\nPrint only a single choice  from ""A"" or ""B"" or ""C"" or ""D"" without explanation.\nAnswer:\nB\n\nA student has recorded the speed of cars for a science experiment. What type of graph would give the most detail about cars traveling in a particular speed range?\nA) line graph\nB) bar graph\nC) stem and leaf\nD) scatterplot\nPrint only a single choice  from ""A"" or ""B"" or ""C"" or ""D"" without explanation.\nAnswer:']",gpt-oss-120b-working,1883715f-31f2-495f-abd0-a477a8f9c0b5,C,false,,,168,167,1,168,2975,2917,1,965,1952,minimax-m2.5-229b,08531513-8b9e-4ef1-960b-65c039462bc1,C,false,,,451,449,2,451,5250,5212,1,4036,1176
17,B,0.727,,"['George wants to warm his hands quickly by rubbing them. Which skin surface will produce the most heat?\nA) dry palms\nB) wet palms\nC) palms covered with oil\nD) palms covered with lotion\nPrint only a single choice  from ""A"" or ""B"" or ""C"" or ""D"" without explanation.\nAnswer:\nA\n\nWhich of the following statements best explains why magnets usually stick to a refrigerator door?\nA) The refrigerator door is smooth.\nB) The refrigerator door contains iron.\nC) The refrigerator door is a good conductor.\nD) The refrigerator door has electric wires in it.\nPrint only a single choice  from ""A"" or ""B"" or ""C"" or ""D"" without explanation.\nAnswer:\nB\n\nA fold observed in layers of sedimentary rock most likely resulted from the\nA) cooling of flowing magma.\nB) converging of crustal plates.\nC) deposition of river sediments.\nD) solution of carbonate minerals.\nPrint only a single choice  from ""A"" or ""B"" or ""C"" or ""D"" without explanation.\nAnswer:\nB\n\nWhich of these do scientists offer as the most recent explanation as to why many plants and animals died out at the end of the Mesozoic era?\nA) worldwide disease\nB) global mountain building\nC) rise of mammals that preyed upon plants and animals\nD) impact of an asteroid created dust that blocked the sunlight\nPrint only a single choice  from ""A"" or ""B"" or ""C"" or ""D"" without explanation.\nAnswer:\nD\n\nA boat is acted on by a river current flowing north and by wind blowing on its sails. The boat travels northeast. In which direction is the wind most likely applying force to the sails of the boat?\nA) west\nB) east\nC) north\nD) south\nPrint only a single choice  from ""A"" or ""B"" or ""C"" or ""D"" without explanation.\nAnswer:\nB\n\nTwo bicyclists were riding their bikes at a rate of 20 kilometers per hour (km/h). During the next half hour, they observed that they had increased their speed to 26 km/h. What was their average acceleration?\nA) 3.0 km/h^2\nB) 12.0 km/h^2\nC) 0.2 km/h^2\nD) 6.0 km/h^2\nPrint only a single choice  from ""A"" or ""B"" or ""C"" or ""D"" without explanation.\nAnswer:']",gpt-oss-120b-working,c8fbe615-4581-44a0-b3a3-4ea5c414e5d0,B,true,,,158,157,1,158,1930,1870,1,916,954,minimax-m2.5-229b,20a1dc0b-f534-4a4d-9a0f-8893a2b08fd1,B,true,,,296,294,2,296,3675,3633,2,2640,993
18,B,0.727,,"['George wants to warm his hands quickly by rubbing them. Which skin surface will produce the most heat?\nA) dry palms\nB) wet palms\nC) palms covered with oil\nD) palms covered with lotion\nPrint only a single choice  from ""A"" or ""B"" or ""C"" or ""D"" without explanation.\nAnswer:\nA\n\nWhich of the following statements best explains why magnets usually stick to a refrigerator door?\nA) The refrigerator door is smooth.\nB) The refrigerator door contains iron.\nC) The refrigerator door is a good conductor.\nD) The refrigerator door has electric wires in it.\nPrint only a single choice  from ""A"" or ""B"" or ""C"" or ""D"" without explanation.\nAnswer:\nB\n\nA fold observed in layers of sedimentary rock most likely resulted from the\nA) cooling of flowing magma.\nB) converging of crustal plates.\nC) deposition of river sediments.\nD) solution of carbonate minerals.\nPrint only a single choice  from ""A"" or ""B"" or ""C"" or ""D"" without explanation.\nAnswer:\nB\n\nWhich of these do scientists offer as the most recent explanation as to why many plants and animals died out at the end of the Mesozoic era?\nA) worldwide disease\nB) global mountain building\nC) rise of mammals that preyed upon plants and animals\nD) impact of an asteroid created dust that blocked the sunlight\nPrint only a single choice  from ""A"" or ""B"" or ""C"" or ""D"" without explanation.\nAnswer:\nD\n\nA boat is acted on by a river current flowing north and by wind blowing on its sails. The boat travels northeast. In which direction is the wind most likely applying force to the sails of the boat?\nA) west\nB) east\nC) north\nD) south\nPrint only a single choice  from ""A"" or ""B"" or ""C"" or ""D"" without explanation.\nAnswer:\nB\n\nWhich is true about reproduction in both a euglena and a paramecium?\nA) They produce gametes.\nB) They divide vertically.\nC) They form spores.\nD) They conjugate.\nPrint only a single choice  from ""A"" or ""B"" or ""C"" or ""D"" without explanation.\nAnswer:']",gpt-oss-120b-working,d6e58571-bc24-4bd3-82d8-f00f621ae7aa,B,true,,,180,179,1,180,2652,2607,1,1033,1574,minimax-m2.5-229b,44205d0c-2059-4d1a-99c8-58de7e97d2c4,B,true,,,818,816,2,818,8446,8420,3,7349,1071
19,D,0.727,,"['George wants to warm his hands quickly by rubbing them. Which skin surface will produce the most heat?\nA) dry palms\nB) wet palms\nC) palms covered with oil\nD) palms covered with lotion\nPrint only a single choice  from ""A"" or ""B"" or ""C"" or ""D"" without explanation.\nAnswer:\nA\n\nWhich of the following statements best explains why magnets usually stick to a refrigerator door?\nA) The refrigerator door is smooth.\nB) The refrigerator door contains iron.\nC) The refrigerator door is a good conductor.\nD) The refrigerator door has electric wires in it.\nPrint only a single choice  from ""A"" or ""B"" or ""C"" or ""D"" without explanation.\nAnswer:\nB\n\nA fold observed in layers of sedimentary rock most likely resulted from the\nA) cooling of flowing magma.\nB) converging of crustal plates.\nC) deposition of river sediments.\nD) solution of carbonate minerals.\nPrint only a single choice  from ""A"" or ""B"" or ""C"" or ""D"" without explanation.\nAnswer:\nB\n\nWhich of these do scientists offer as the most recent explanation as to why many plants and animals died out at the end of the Mesozoic era?\nA) worldwide disease\nB) global mountain building\nC) rise of mammals that preyed upon plants and animals\nD) impact of an asteroid created dust that blocked the sunlight\nPrint only a single choice  from ""A"" or ""B"" or ""C"" or ""D"" without explanation.\nAnswer:\nD\n\nA boat is acted on by a river current flowing north and by wind blowing on its sails. The boat travels northeast. In which direction is the wind most likely applying force to the sails of the boat?\nA) west\nB) east\nC) north\nD) south\nPrint only a single choice  from ""A"" or ""B"" or ""C"" or ""D"" without explanation.\nAnswer:\nB\n\nA mass of air is at an elevation of 1000 meters in the low pressure center of a Northern Hemisphere storm. Which of the following best describes the motion of air particles in this air mass due to storm conditions and the rotation of Earth as the air mass moves outward?\nA) Air particles move down and to the right.\nB) Air particles move up and to the left.\nC) Air particles move down and to the left.\nD) Air particles move up and to the right.\nPrint only a single choice  from ""A"" or ""B"" or ""C"" or ""D"" without explanation.\nAnswer:']",gpt-oss-120b-working,f5c870ee-5e57-4bfd-9089-69c75ed54c72,D,true,,,1160,1159,1,1160,7710,7643,1,6576,1067,minimax-m2.5-229b,4e6f49be-e2d0-470a-aeed-c10aa1e0196d,D,true,false,,2034,2032,2,2034,20688,20140,1,18518,1622
20,A,0.727,,"[""Instructions: You will be presented with an audit question and four options A through D. Your role is to answer the question and select the option that is closest to your conclusion. For each question you must select one of the following answers: 'A', 'B', 'C', 'D'. Do not explain. Do not include the number in your response."", ""The auditors' report on the entity's financial statements included an additional paragraph disclosing a difference of opinion between the auditors and the entity for which the auditors believed an adjustment to the financial statements should be made. The opinion paragraph of the auditors' report should express a(n) A. qualified opinion citing a departure from generally accepted accounting principles. B. qualified opinion citing a scope limitation and lack of specific evidence. C. disclaimer of opinion. D. unmodified opinion. For each question you must select one of the following answers: 'A', 'B', 'C', 'D'.""]",gpt-oss-120b-working,09b740ea-466a-4107-918d-5c6e1e13b7b4,A,true,,,162,161,1,162,2630,2565,2,933,1632,minimax-m2.5-229b,e16e22ee-5b41-46b0-920c-2c1e492d43b6,A,true,false,,572,570,2,572,6656,6584,1,5080,1504
21,B,0.727,,"[""Instructions: You will be presented with an audit question and four options A through D. Your role is to answer the question and select the option that is closest to your conclusion. For each question you must select one of the following answers: 'A', 'B', 'C', 'D'. Do not explain. Do not include the number in your response."", ""Charlie Company's comparative financial statements include the financial statements of the prior year that were audited by predecessor auditors whose report on those financial statements is not presented. If the predecessor's report was qualified, the successor auditors should: A. request the entity to reissue the predecessor's report on the prior-years' statements. B. indicate in their report the substantive reasons for the qualification issued by the predecessor auditors. C. issue an updated comparative report on the entity's financial statements, indicating the involvement of component auditors. D. express an opinion only on the current-year's financial statements and make no reference to the prior-years' financial statements or opinion. For each question you must select one of the following answers: 'A', 'B', 'C', 'D'.""]",gpt-oss-120b-working,caaf57e5-fe6f-42a6-9a9e-e909db80fb19,A,false,,,355,354,1,355,4003,3948,1,2497,1451,minimax-m2.5-229b,539f2492-83e4-44c1-9fa7-1a50caf54213,A,false,false,,1547,1545,2,1547,15816,15788,1,14242,1546
22,A,0.727,,"[""Instructions: You will be presented with an audit question and four options A through D. Your task is to choose the closest option to your conclusion. For each question you must select one of the following answers: 'A', 'B', 'C', 'D'. No explanation is needed. Do not include the number in your response."", ""When auditors conclude that a material and pervasive departure from GAAP exists in an entity's financial statements, which of the following phrases would most likely be included in their report? A. 'Do not present fairly in all material respects.' B. 'As a result of the departures discussed in the following paragraph.' C. 'We were engaged to audit the accompanying financial statements.' D. 'Except for the effects of the departure from generally accepted accounting principles, as discussed in the preceding paragraph.' For each question you must select one of the following answers: 'A', 'B', 'C', 'D'.""]",gpt-oss-120b-working,c5e303f0-e5d2-4394-a5e5-9cc357af6170,A,true,,,70,69,1,70,1895,1802,1,660,1142,minimax-m2.5-229b,fc87c2c7-91b0-4eb0-8745-d7dfe681abab,A,true,false,,434,432,2,434,4840,4816,2,3818,998
23,B,0.727,,"[""Instructions: You will be presented with an audit question and four options A through D. Your role is to answer the question and select the option that is closest to your conclusion. For each question you must select one of the following answers: 'A', 'B', 'C', 'D'. Do not explain. Do not include the number in your response."", ""'Bill and hold' refers to an arrangement where: A. sales are shipped but are not recorded. B. sales are recorded but are not shipped. C. sales are billed but not collected. D. inventory is held but not billed. For each question you must select one of the following answers: 'A', 'B', 'C', 'D'.""]",gpt-oss-120b-working,22fa0ae0-c47f-4338-93e9-0f4aa1dd3af0,B,true,,,111,110,1,111,2256,2199,1,642,1557,minimax-m2.5-229b,6de4fd6c-343c-4b0f-8a0b-af4d5325d534,B,true,false,,213,211,2,213,2896,2872,0,1883,989
24,B,0.727,,"[""Instructions: You will be presented with an audit question and four options A through D. Your role is to answer the question and select the option that is closest to your conclusion. For each question you must select one of the following answers: 'A', 'B', 'C', 'D'. Do not explain. Do not include the number in your response."", ""The type of sampling most frequently used by the auditors during their substantive procedures is referred to as: A. attributes sampling. B. account balance sampling. C. variables sampling. D. item sampling. For each question you must select one of the following answers: 'A', 'B', 'C', 'D'.""]",gpt-oss-120b-working,837c7964-0a3e-422e-af6f-fa5a95a3417b,C,false,,,104,103,1,104,1739,1675,1,603,1072,minimax-m2.5-229b,462ef561-4dc1-41ad-bdd9-77fee272eac6,C,false,false,,324,322,2,324,4299,4247,1,2836,1411
25,D,0.636,,"['George wants to warm his hands quickly by rubbing them. Which skin surface will produce the most heat?\nA) dry palms\nB) wet palms\nC) palms covered with oil\nD) palms covered with lotion\nPrint only a single choice  from ""A"" or ""B"" or ""C"" or ""D"" without explanation.\nAnswer:\nA\n\nWhich of the following statements best explains why magnets usually stick to a refrigerator door?\nA) The refrigerator door is smooth.\nB) The refrigerator door contains iron.\nC) The refrigerator door is a good conductor.\nD) The refrigerator door has electric wires in it.\nPrint only a single choice  from ""A"" or ""B"" or ""C"" or ""D"" without explanation.\nAnswer:\nB\n\nA fold observed in layers of sedimentary rock most likely resulted from the\nA) cooling of flowing magma.\nB) converging of crustal plates.\nC) deposition of river sediments.\nD) solution of carbonate minerals.\nPrint only a single choice  from ""A"" or ""B"" or ""C"" or ""D"" without explanation.\nAnswer:\nB\n\nWhich of these do scientists offer as the most recent explanation as to why many plants and animals died out at the end of the Mesozoic era?\nA) worldwide disease\nB) global mountain building\nC) rise of mammals that preyed upon plants and animals\nD) impact of an asteroid created dust that blocked the sunlight\nPrint only a single choice  from ""A"" or ""B"" or ""C"" or ""D"" without explanation.\nAnswer:\nD\n\nA boat is acted on by a river current flowing north and by wind blowing on its sails. The boat travels northeast. In which direction is the wind most likely applying force to the sails of the boat?\nA) west\nB) east\nC) north\nD) south\nPrint only a single choice  from ""A"" or ""B"" or ""C"" or ""D"" without explanation.\nAnswer:\nB\n\nAn astronomical unit (AU) is the distance between Earth and the Sun. It takes about 8 minutes for the energy from the Sun to reach Earth. If Mars is 1.5 AU from the Sun, how many minutes will it take the Sun\'s energy to reach Mars?\nA) 4 minutes\nB) 15 minutes\nC) 8 minutes\nD) 12 minutes\nPrint only a single choice  from ""A"" or ""B"" or ""C"" or ""D"" without explanation.\nAnswer:']",gpt-oss-120b-working,396a8f34-cc82-41d4-860c-4ed6c4a515fd,D,true,,,81,80,1,81,1015,967,1,479,488,minimax-m2.5-229b,4f555525-7261-4aca-81f0-5a47f08dc1be,D,true,false,,280,278,2,280,4127,4105,1,2508,1597
26,B,0.636,,"['George wants to warm his hands quickly by rubbing them. Which skin surface will produce the most heat?\nA) dry palms\nB) wet palms\nC) palms covered with oil\nD) palms covered with lotion\nPrint only a single choice  from ""A"" or ""B"" or ""C"" or ""D"" without explanation.\nAnswer:\nA\n\nWhich of the following statements best explains why magnets usually stick to a refrigerator door?\nA) The refrigerator door is smooth.\nB) The refrigerator door contains iron.\nC) The refrigerator door is a good conductor.\nD) The refrigerator door has electric wires in it.\nPrint only a single choice  from ""A"" or ""B"" or ""C"" or ""D"" without explanation.\nAnswer:\nB\n\nA fold observed in layers of sedimentary rock most likely resulted from the\nA) cooling of flowing magma.\nB) converging of crustal plates.\nC) deposition of river sediments.\nD) solution of carbonate minerals.\nPrint only a single choice  from ""A"" or ""B"" or ""C"" or ""D"" without explanation.\nAnswer:\nB\n\nWhich of these do scientists offer as the most recent explanation as to why many plants and animals died out at the end of the Mesozoic era?\nA) worldwide disease\nB) global mountain building\nC) rise of mammals that preyed upon plants and animals\nD) impact of an asteroid created dust that blocked the sunlight\nPrint only a single choice  from ""A"" or ""B"" or ""C"" or ""D"" without explanation.\nAnswer:\nD\n\nA boat is acted on by a river current flowing north and by wind blowing on its sails. The boat travels northeast. In which direction is the wind most likely applying force to the sails of the boat?\nA) west\nB) east\nC) north\nD) south\nPrint only a single choice  from ""A"" or ""B"" or ""C"" or ""D"" without explanation.\nAnswer:\nB\n\nA student wishes to measure the rate of evaporation of a volatile liquid at room temperature. Which piece of equipment would be best to use in this investigation?\nA) meter stick\nB) balance\nC) litmus paper\nD) microscope\nPrint only a single choice  from ""A"" or ""B"" or ""C"" or ""D"" without explanation.\nAnswer:']",gpt-oss-120b-working,0e1c6ea4-5ed9-4ab1-9036-f43ce76ca65b,B,true,,,120,119,1,120,2114,2073,2,703,1370,minimax-m2.5-229b,03d2d1a9-a845-4626-8a10-f22ba5861fcd,B,true,false,,272,270,2,272,3505,3453,1,2410,1043
27,C,0.636,,"['George wants to warm his hands quickly by rubbing them. Which skin surface will produce the most heat?\nA) dry palms\nB) wet palms\nC) palms covered with oil\nD) palms covered with lotion\nPrint only a single choice  from ""A"" or ""B"" or ""C"" or ""D"" without explanation.\nAnswer:\nA\n\nWhich of the following statements best explains why magnets usually stick to a refrigerator door?\nA) The refrigerator door is smooth.\nB) The refrigerator door contains iron.\nC) The refrigerator door is a good conductor.\nD) The refrigerator door has electric wires in it.\nPrint only a single choice  from ""A"" or ""B"" or ""C"" or ""D"" without explanation.\nAnswer:\nB\n\nA fold observed in layers of sedimentary rock most likely resulted from the\nA) cooling of flowing magma.\nB) converging of crustal plates.\nC) deposition of river sediments.\nD) solution of carbonate minerals.\nPrint only a single choice  from ""A"" or ""B"" or ""C"" or ""D"" without explanation.\nAnswer:\nB\n\nWhich of these do scientists offer as the most recent explanation as to why many plants and animals died out at the end of the Mesozoic era?\nA) worldwide disease\nB) global mountain building\nC) rise of mammals that preyed upon plants and animals\nD) impact of an asteroid created dust that blocked the sunlight\nPrint only a single choice  from ""A"" or ""B"" or ""C"" or ""D"" without explanation.\nAnswer:\nD\n\nA boat is acted on by a river current flowing north and by wind blowing on its sails. The boat travels northeast. In which direction is the wind most likely applying force to the sails of the boat?\nA) west\nB) east\nC) north\nD) south\nPrint only a single choice  from ""A"" or ""B"" or ""C"" or ""D"" without explanation.\nAnswer:\nB\n\nWhere does evaporation occur at the HIGHEST rate?\nA) glaciers\nB) streams\nC) estuaries\nD) rivers\nPrint only a single choice  from ""A"" or ""B"" or ""C"" or ""D"" without explanation.\nAnswer:']",gpt-oss-120b-working,5caf6c11-55c2-4a19-9604-7db9b00fc837,C,true,,,250,249,1,250,2491,2434,1,1431,1003,minimax-m2.5-229b,cf685683-97d0-4818-8b67-a68dbbdd3d24,D,false,false,,3169,3167,2,3169,31546,31470,1,29505,1965
28,D,0.636,,"['George wants to warm his hands quickly by rubbing them. Which skin surface will produce the most heat?\nA) dry palms\nB) wet palms\nC) palms covered with oil\nD) palms covered with lotion\nPrint only a single choice  from ""A"" or ""B"" or ""C"" or ""D"" without explanation.\nAnswer:\nA\n\nWhich of the following statements best explains why magnets usually stick to a refrigerator door?\nA) The refrigerator door is smooth.\nB) The refrigerator door contains iron.\nC) The refrigerator door is a good conductor.\nD) The refrigerator door has electric wires in it.\nPrint only a single choice  from ""A"" or ""B"" or ""C"" or ""D"" without explanation.\nAnswer:\nB\n\nA fold observed in layers of sedimentary rock most likely resulted from the\nA) cooling of flowing magma.\nB) converging of crustal plates.\nC) deposition of river sediments.\nD) solution of carbonate minerals.\nPrint only a single choice  from ""A"" or ""B"" or ""C"" or ""D"" without explanation.\nAnswer:\nB\n\nWhich of these do scientists offer as the most recent explanation as to why many plants and animals died out at the end of the Mesozoic era?\nA) worldwide disease\nB) global mountain building\nC) rise of mammals that preyed upon plants and animals\nD) impact of an asteroid created dust that blocked the sunlight\nPrint only a single choice  from ""A"" or ""B"" or ""C"" or ""D"" without explanation.\nAnswer:\nD\n\nA boat is acted on by a river current flowing north and by wind blowing on its sails. The boat travels northeast. In which direction is the wind most likely applying force to the sails of the boat?\nA) west\nB) east\nC) north\nD) south\nPrint only a single choice  from ""A"" or ""B"" or ""C"" or ""D"" without explanation.\nAnswer:\nB\n\nWhich statement explains why most salmon leave salt water and return to fresh water?\nA) It is a learned behavior that maintains salt concentrations.\nB) It is an inherited behavior that maintains salt concentrations.\nC) It is a learned behavior that maintains the population.\nD) It is an inherited behavior that maintains the population.\nPrint only a single choice  from ""A"" or ""B"" or ""C"" or ""D"" without explanation.\nAnswer:']",gpt-oss-120b-working,45095aae-3d16-4cd6-828c-c58a8d7a4024,D,true,,,106,105,1,106,2091,2052,1,618,1434,minimax-m2.5-229b,5ed2b58c-776b-46b2-8c98-115af9350db0,D,true,false,,331,329,2,331,4438,4416,1,2164,2252
29,A,0.636,,"['George wants to warm his hands quickly by rubbing them. Which skin surface will produce the most heat?\nA) dry palms\nB) wet palms\nC) palms covered with oil\nD) palms covered with lotion\nPrint only a single choice  from ""A"" or ""B"" or ""C"" or ""D"" without explanation.\nAnswer:\nA\n\nWhich of the following statements best explains why magnets usually stick to a refrigerator door?\nA) The refrigerator door is smooth.\nB) The refrigerator door contains iron.\nC) The refrigerator door is a good conductor.\nD) The refrigerator door has electric wires in it.\nPrint only a single choice  from ""A"" or ""B"" or ""C"" or ""D"" without explanation.\nAnswer:\nB\n\nA fold observed in layers of sedimentary rock most likely resulted from the\nA) cooling of flowing magma.\nB) converging of crustal plates.\nC) deposition of river sediments.\nD) solution of carbonate minerals.\nPrint only a single choice  from ""A"" or ""B"" or ""C"" or ""D"" without explanation.\nAnswer:\nB\n\nWhich of these do scientists offer as the most recent explanation as to why many plants and animals died out at the end of the Mesozoic era?\nA) worldwide disease\nB) global mountain building\nC) rise of mammals that preyed upon plants and animals\nD) impact of an asteroid created dust that blocked the sunlight\nPrint only a single choice  from ""A"" or ""B"" or ""C"" or ""D"" without explanation.\nAnswer:\nD\n\nA boat is acted on by a river current flowing north and by wind blowing on its sails. The boat travels northeast. In which direction is the wind most likely applying force to the sails of the boat?\nA) west\nB) east\nC) north\nD) south\nPrint only a single choice  from ""A"" or ""B"" or ""C"" or ""D"" without explanation.\nAnswer:\nB\n\nWhen there is an accidental spill in the lab, it is most important to know\nA) which materials are safe to use for cleaning.\nB) what number to call for poison control.\nC) where the fire extinguisher is located.\nD) where the safety goggles are stored.\nPrint only a single choice  from ""A"" or ""B"" or ""C"" or ""D"" without explanation.\nAnswer:']",gpt-oss-120b-working,ea4490ff-d14f-4b68-a92c-a02c1b129280,A,true,,,263,262,1,263,3391,3349,2,1505,1844,minimax-m2.5-229b,aaabb89a-d4bf-4e56-97bf-c7d1ddac2bf7,A,true,false,,406,404,2,406,5312,5179,1,3633,1546
30,B,0.636,,"['George wants to warm his hands quickly by rubbing them. Which skin surface will produce the most heat?\nA) dry palms\nB) wet palms\nC) palms covered with oil\nD) palms covered with lotion\nPrint only a single choice  from ""A"" or ""B"" or ""C"" or ""D"" without explanation.\nAnswer:\nA\n\nWhich of the following statements best explains why magnets usually stick to a refrigerator door?\nA) The refrigerator door is smooth.\nB) The refrigerator door contains iron.\nC) The refrigerator door is a good conductor.\nD) The refrigerator door has electric wires in it.\nPrint only a single choice  from ""A"" or ""B"" or ""C"" or ""D"" without explanation.\nAnswer:\nB\n\nA fold observed in layers of sedimentary rock most likely resulted from the\nA) cooling of flowing magma.\nB) converging of crustal plates.\nC) deposition of river sediments.\nD) solution of carbonate minerals.\nPrint only a single choice  from ""A"" or ""B"" or ""C"" or ""D"" without explanation.\nAnswer:\nB\n\nWhich of these do scientists offer as the most recent explanation as to why many plants and animals died out at the end of the Mesozoic era?\nA) worldwide disease\nB) global mountain building\nC) rise of mammals that preyed upon plants and animals\nD) impact of an asteroid created dust that blocked the sunlight\nPrint only a single choice  from ""A"" or ""B"" or ""C"" or ""D"" without explanation.\nAnswer:\nD\n\nA boat is acted on by a river current flowing north and by wind blowing on its sails. The boat travels northeast. In which direction is the wind most likely applying force to the sails of the boat?\nA) west\nB) east\nC) north\nD) south\nPrint only a single choice  from ""A"" or ""B"" or ""C"" or ""D"" without explanation.\nAnswer:\nB\n\nWhich best describes both a mixture and a solution?\nA) A material with new properties forms.\nB) Two different substances combine.\nC) A solid dissolves in a liquid.\nD) The combined substances cannot be separated.\nPrint only a single choice  from ""A"" or ""B"" or ""C"" or ""D"" without explanation.\nAnswer:']",gpt-oss-120b-working,dc2b1481-2d02-4830-b7a8-229d73e1ad62,B,true,,,241,240,1,241,4144,4097,2,3067,1030,minimax-m2.5-229b,ad70cbc5-2ea4-4e85-a806-f663cd227c7b,B,true,false,,308,306,2,308,4804,4715,1,2736,1979
